ticker,date,nws_high
KXHIGHNY,2022-01-01,56.0
KXHIGHNY,2022-01-02,59.0
KXHIGHNY,2022-01-03,37.0
KXHIGHNY,2022-01-04,34.0
KXHIGHNY,2022-01-05,47.0
KXHIGHNY,2022-01-06,41.0
KXHIGHNY,2022-01-07,34.0
KXHIGHNY,2022-01-08,30.0
KXHIGHNY,2022-01-09,40.0
KXHIGHNY,2022-01-10,40.0
KXHIGHNY,2022-01-11,24.0
KXHIGHNY,2022-01-12,40.0
KXHIGHNY,2022-01-13,48.0
KXHIGHNY,2022-01-14,43.0
KXHIGHNY,2022-01-15,21.0
KXHIGHNY,2022-01-16,37.0
KXHIGHNY,2022-01-17,44.0
KXHIGHNY,2022-01-18,36.0
KXHIGHNY,2022-01-19,49.0
KXHIGHNY,2022-01-20,46.0
KXHIGHNY,2022-01-21,22.0
KXHIGHNY,2022-01-22,29.0
KXHIGHNY,2022-01-23,37.0
KXHIGHNY,2022-01-24,36.0
KXHIGHNY,2022-01-25,42.0
KXHIGHNY,2022-01-26,28.0
KXHIGHNY,2022-01-27,32.0
KXHIGHNY,2022-01-28,32.0
KXHIGHNY,2022-01-29,29.0
KXHIGHNY,2022-01-30,26.0
KXHIGHNY,2022-01-31,31.0
KXHIGHNY,2022-02-01,36.0
KXHIGHNY,2022-02-02,47.0
KXHIGHNY,2022-02-03,52.0
KXHIGHNY,2022-02-04,57.0
KXHIGHNY,2022-02-05,27.0
KXHIGHNY,2022-02-06,30.0
KXHIGHNY,2022-02-07,37.0
KXHIGHNY,2022-02-08,45.0
KXHIGHNY,2022-02-09,46.0
KXHIGHNY,2022-02-10,54.0
KXHIGHNY,2022-02-11,57.0
KXHIGHNY,2022-02-12,59.0
KXHIGHNY,2022-02-13,42.0
KXHIGHNY,2022-02-14,25.0
KXHIGHNY,2022-02-15,30.0
KXHIGHNY,2022-02-16,49.0
KXHIGHNY,2022-02-17,68.0
KXHIGHNY,2022-02-18,63.0
KXHIGHNY,2022-02-19,40.0
KXHIGHNY,2022-02-20,36.0
KXHIGHNY,2022-02-21,55.0
KXHIGHNY,2022-02-22,61.0
KXHIGHNY,2022-02-23,68.0
KXHIGHNY,2022-02-24,35.0
KXHIGHNY,2022-02-25,41.0
KXHIGHNY,2022-02-26,37.0
KXHIGHNY,2022-02-27,48.0
KXHIGHNY,2022-02-28,36.0
KXHIGHNY,2022-03-01,48.0
KXHIGHNY,2022-03-02,52.0
KXHIGHNY,2022-03-03,48.0
KXHIGHNY,2022-03-04,37.0
KXHIGHNY,2022-03-05,46.0
KXHIGHNY,2022-03-06,68.0
KXHIGHNY,2022-03-07,74.0
KXHIGHNY,2022-03-08,50.0
KXHIGHNY,2022-03-09,41.0
KXHIGHNY,2022-03-10,51.0
KXHIGHNY,2022-03-11,55.0
KXHIGHNY,2022-03-12,48.0
KXHIGHNY,2022-03-13,35.0
KXHIGHNY,2022-03-14,56.0
KXHIGHNY,2022-03-15,68.0
KXHIGHNY,2022-03-16,67.0
KXHIGHNY,2022-03-17,53.0
KXHIGHNY,2022-03-18,74.0
KXHIGHNY,2022-03-19,70.0
KXHIGHNY,2022-03-20,61.0
KXHIGHNY,2022-03-21,62.0
KXHIGHNY,2022-03-22,58.0
KXHIGHNY,2022-03-23,49.0
KXHIGHNY,2022-03-24,47.0
KXHIGHNY,2022-03-25,60.0
KXHIGHNY,2022-03-26,53.0
KXHIGHNY,2022-03-27,46.0
KXHIGHNY,2022-03-28,33.0
KXHIGHNY,2022-03-29,38.0
KXHIGHNY,2022-03-30,47.0
KXHIGHNY,2022-03-31,66.0
KXHIGHNY,2022-04-01,61.0
KXHIGHNY,2022-04-02,54.0
KXHIGHNY,2022-04-03,48.0
KXHIGHNY,2022-04-04,54.0
KXHIGHNY,2022-04-05,57.0
KXHIGHNY,2022-04-06,53.0
KXHIGHNY,2022-04-07,54.0
KXHIGHNY,2022-04-08,65.0
KXHIGHNY,2022-04-09,55.0
KXHIGHNY,2022-04-10,50.0
KXHIGHNY,2022-04-11,61.0
KXHIGHNY,2022-04-12,72.0
KXHIGHNY,2022-04-13,71.0
KXHIGHNY,2022-04-14,79.0
KXHIGHNY,2022-04-15,70.0
KXHIGHNY,2022-04-16,73.0
KXHIGHNY,2022-04-17,51.0
KXHIGHNY,2022-04-18,54.0
KXHIGHNY,2022-04-19,50.0
KXHIGHNY,2022-04-20,60.0
KXHIGHNY,2022-04-21,59.0
KXHIGHNY,2022-04-22,70.0
KXHIGHNY,2022-04-23,65.0
KXHIGHNY,2022-04-24,63.0
KXHIGHNY,2022-04-25,58.0
KXHIGHNY,2022-04-26,60.0
KXHIGHNY,2022-04-27,58.0
KXHIGHNY,2022-04-28,58.0
KXHIGHNY,2022-04-29,63.0
KXHIGHNY,2022-04-30,68.0
KXHIGHNY,2022-05-01,69.0
KXHIGHNY,2022-05-02,56.0
KXHIGHNY,2022-05-03,62.0
KXHIGHNY,2022-05-04,65.0
KXHIGHNY,2022-05-05,74.0
KXHIGHNY,2022-05-06,61.0
KXHIGHNY,2022-05-07,50.0
KXHIGHNY,2022-05-08,58.0
KXHIGHNY,2022-05-09,70.0
KXHIGHNY,2022-05-10,73.0
KXHIGHNY,2022-05-11,75.0
KXHIGHNY,2022-05-12,75.0
KXHIGHNY,2022-05-13,72.0
KXHIGHNY,2022-05-14,72.0
KXHIGHNY,2022-05-15,76.0
KXHIGHNY,2022-05-16,75.0
KXHIGHNY,2022-05-17,77.0
KXHIGHNY,2022-05-18,72.0
KXHIGHNY,2022-05-19,66.0
KXHIGHNY,2022-05-20,69.0
KXHIGHNY,2022-05-21,90.0
KXHIGHNY,2022-05-22,89.0
KXHIGHNY,2022-05-23,73.0
KXHIGHNY,2022-05-24,67.0
KXHIGHNY,2022-05-25,70.0
KXHIGHNY,2022-05-26,70.0
KXHIGHNY,2022-05-27,80.0
KXHIGHNY,2022-05-28,74.0
KXHIGHNY,2022-05-29,77.0
KXHIGHNY,2022-05-30,84.0
KXHIGHNY,2022-05-31,93.0
KXHIGHNY,2022-06-01,72.0
KXHIGHNY,2022-06-02,79.0
KXHIGHNY,2022-06-03,76.0
KXHIGHNY,2022-06-04,80.0
KXHIGHNY,2022-06-05,77.0
KXHIGHNY,2022-06-06,80.0
KXHIGHNY,2022-06-07,78.0
KXHIGHNY,2022-06-08,82.0
KXHIGHNY,2022-06-09,81.0
KXHIGHNY,2022-06-10,77.0
KXHIGHNY,2022-06-11,74.0
KXHIGHNY,2022-06-12,72.0
KXHIGHNY,2022-06-13,85.0
KXHIGHNY,2022-06-14,81.0
KXHIGHNY,2022-06-15,83.0
KXHIGHNY,2022-06-16,71.0
KXHIGHNY,2022-06-17,88.0
KXHIGHNY,2022-06-18,75.0
KXHIGHNY,2022-06-19,73.0
KXHIGHNY,2022-06-20,78.0
KXHIGHNY,2022-06-21,80.0
KXHIGHNY,2022-06-22,67.0
KXHIGHNY,2022-06-23,74.0
KXHIGHNY,2022-06-24,81.0
KXHIGHNY,2022-06-25,90.0
KXHIGHNY,2022-06-26,89.0
KXHIGHNY,2022-06-27,77.0
KXHIGHNY,2022-06-28,79.0
KXHIGHNY,2022-06-29,84.0
KXHIGHNY,2022-06-30,86.0
KXHIGHNY,2022-07-01,91.0
KXHIGHNY,2022-07-02,87.0
KXHIGHNY,2022-07-03,88.0
KXHIGHNY,2022-07-04,85.0
KXHIGHNY,2022-07-05,87.0
KXHIGHNY,2022-07-06,85.0
KXHIGHNY,2022-07-07,84.0
KXHIGHNY,2022-07-08,83.0
KXHIGHNY,2022-07-09,85.0
KXHIGHNY,2022-07-10,83.0
KXHIGHNY,2022-07-11,85.0
KXHIGHNY,2022-07-12,90.0
KXHIGHNY,2022-07-13,91.0
KXHIGHNY,2022-07-14,90.0
KXHIGHNY,2022-07-15,86.0
KXHIGHNY,2022-07-16,85.0
KXHIGHNY,2022-07-17,83.0
KXHIGHNY,2022-07-18,81.0
KXHIGHNY,2022-07-19,90.0
KXHIGHNY,2022-07-20,95.0
KXHIGHNY,2022-07-21,92.0
KXHIGHNY,2022-07-22,94.0
KXHIGHNY,2022-07-23,95.0
KXHIGHNY,2022-07-24,95.0
KXHIGHNY,2022-07-25,86.0
KXHIGHNY,2022-07-26,81.0
KXHIGHNY,2022-07-27,85.0
KXHIGHNY,2022-07-28,87.0
KXHIGHNY,2022-07-29,85.0
KXHIGHNY,2022-07-30,87.0
KXHIGHNY,2022-07-31,86.0
KXHIGHNY,2022-08-01,77.0
KXHIGHNY,2022-08-02,90.0
KXHIGHNY,2022-08-03,89.0
KXHIGHNY,2022-08-04,93.0
KXHIGHNY,2022-08-05,89.0
KXHIGHNY,2022-08-06,92.0
KXHIGHNY,2022-08-07,92.0
KXHIGHNY,2022-08-08,93.0
KXHIGHNY,2022-08-09,97.0
KXHIGHNY,2022-08-10,87.0
KXHIGHNY,2022-08-11,89.0
KXHIGHNY,2022-08-12,85.0
KXHIGHNY,2022-08-13,79.0
KXHIGHNY,2022-08-14,82.0
KXHIGHNY,2022-08-15,83.0
KXHIGHNY,2022-08-16,83.0
KXHIGHNY,2022-08-17,81.0
KXHIGHNY,2022-08-18,87.0
KXHIGHNY,2022-08-19,90.0
KXHIGHNY,2022-08-20,90.0
KXHIGHNY,2022-08-21,82.0
KXHIGHNY,2022-08-22,79.0
KXHIGHNY,2022-08-23,86.0
KXHIGHNY,2022-08-24,90.0
KXHIGHNY,2022-08-25,91.0
KXHIGHNY,2022-08-26,87.0
KXHIGHNY,2022-08-27,90.0
KXHIGHNY,2022-08-28,82.0
KXHIGHNY,2022-08-29,85.0
KXHIGHNY,2022-08-30,89.0
KXHIGHNY,2022-08-31,85.0
KXHIGHNY,2022-09-01,86.0
KXHIGHNY,2022-09-02,79.0
KXHIGHNY,2022-09-03,82.0
KXHIGHNY,2022-09-04,90.0
KXHIGHNY,2022-09-05,88.0
KXHIGHNY,2022-09-06,74.0
KXHIGHNY,2022-09-07,72.0
KXHIGHNY,2022-09-08,78.0
KXHIGHNY,2022-09-09,80.0
KXHIGHNY,2022-09-10,86.0
KXHIGHNY,2022-09-11,76.0
KXHIGHNY,2022-09-12,81.0
KXHIGHNY,2022-09-13,82.0
KXHIGHNY,2022-09-14,80.0
KXHIGHNY,2022-09-15,74.0
KXHIGHNY,2022-09-16,75.0
KXHIGHNY,2022-09-17,76.0
KXHIGHNY,2022-09-18,83.0
KXHIGHNY,2022-09-19,85.0
KXHIGHNY,2022-09-20,79.0
KXHIGHNY,2022-09-21,80.0
KXHIGHNY,2022-09-22,75.0
KXHIGHNY,2022-09-23,63.0
KXHIGHNY,2022-09-24,69.0
KXHIGHNY,2022-09-25,72.0
KXHIGHNY,2022-09-26,74.0
KXHIGHNY,2022-09-27,70.0
KXHIGHNY,2022-09-28,69.0
KXHIGHNY,2022-09-29,66.0
KXHIGHNY,2022-09-30,62.0
KXHIGHNY,2022-10-01,61.0
KXHIGHNY,2022-10-02,60.0
KXHIGHNY,2022-10-03,53.0
KXHIGHNY,2022-10-04,55.0
KXHIGHNY,2022-10-05,59.0
KXHIGHNY,2022-10-06,74.0
KXHIGHNY,2022-10-07,76.0
KXHIGHNY,2022-10-08,58.0
KXHIGHNY,2022-10-09,61.0
KXHIGHNY,2022-10-10,67.0
KXHIGHNY,2022-10-11,70.0
KXHIGHNY,2022-10-12,70.0
KXHIGHNY,2022-10-13,69.0
KXHIGHNY,2022-10-14,67.0
KXHIGHNY,2022-10-15,68.0
KXHIGHNY,2022-10-16,64.0
KXHIGHNY,2022-10-17,66.0
KXHIGHNY,2022-10-18,56.0
KXHIGHNY,2022-10-19,54.0
KXHIGHNY,2022-10-20,58.0
KXHIGHNY,2022-10-21,62.0
KXHIGHNY,2022-10-22,66.0
KXHIGHNY,2022-10-23,61.0
KXHIGHNY,2022-10-24,61.0
KXHIGHNY,2022-10-25,70.0
KXHIGHNY,2022-10-26,72.0
KXHIGHNY,2022-10-27,65.0
KXHIGHNY,2022-10-28,56.0
KXHIGHNY,2022-10-29,58.0
KXHIGHNY,2022-10-30,63.0
KXHIGHNY,2022-10-31,65.0
KXHIGHNY,2022-11-01,67.0
KXHIGHNY,2022-11-02,70.0
KXHIGHNY,2022-11-03,67.0
KXHIGHNY,2022-11-04,70.0
KXHIGHNY,2022-11-05,76.0
KXHIGHNY,2022-11-06,75.0
KXHIGHNY,2022-11-07,77.0
KXHIGHNY,2022-11-08,58.0
KXHIGHNY,2022-11-09,53.0
KXHIGHNY,2022-11-10,66.0
KXHIGHNY,2022-11-11,68.0
KXHIGHNY,2022-11-12,69.0
KXHIGHNY,2022-11-13,61.0
KXHIGHNY,2022-11-14,45.0
KXHIGHNY,2022-11-15,46.0
KXHIGHNY,2022-11-16,50.0
KXHIGHNY,2022-11-17,46.0
KXHIGHNY,2022-11-18,44.0
KXHIGHNY,2022-11-19,40.0
KXHIGHNY,2022-11-20,40.0
KXHIGHNY,2022-11-21,41.0
KXHIGHNY,2022-11-22,51.0
KXHIGHNY,2022-11-23,55.0
KXHIGHNY,2022-11-24,54.0
KXHIGHNY,2022-11-25,55.0
KXHIGHNY,2022-11-26,57.0
KXHIGHNY,2022-11-27,60.0
KXHIGHNY,2022-11-28,54.0
KXHIGHNY,2022-11-29,44.0
KXHIGHNY,2022-11-30,58.0
KXHIGHNY,2022-12-01,43.0
KXHIGHNY,2022-12-02,47.0
KXHIGHNY,2022-12-03,58.0
KXHIGHNY,2022-12-04,45.0
KXHIGHNY,2022-12-05,48.0
KXHIGHNY,2022-12-06,58.0
KXHIGHNY,2022-12-07,59.0
KXHIGHNY,2022-12-08,55.0
KXHIGHNY,2022-12-09,45.0
KXHIGHNY,2022-12-10,39.0
KXHIGHNY,2022-12-11,40.0
KXHIGHNY,2022-12-12,38.0
KXHIGHNY,2022-12-13,40.0
KXHIGHNY,2022-12-14,39.0
KXHIGHNY,2022-12-15,42.0
KXHIGHNY,2022-12-16,44.0
KXHIGHNY,2022-12-17,44.0
KXHIGHNY,2022-12-18,40.0
KXHIGHNY,2022-12-19,39.0
KXHIGHNY,2022-12-20,39.0
KXHIGHNY,2022-12-21,40.0
KXHIGHNY,2022-12-22,47.0
KXHIGHNY,2022-12-23,58.0
KXHIGHNY,2022-12-24,15.0
KXHIGHNY,2022-12-25,28.0
KXHIGHNY,2022-12-26,29.0
KXHIGHNY,2022-12-27,35.0
KXHIGHNY,2022-12-28,47.0
KXHIGHNY,2022-12-29,51.0
KXHIGHNY,2022-12-30,62.0
KXHIGHNY,2022-12-31,55.0
KXHIGHNY,2023-01-01,55.0
KXHIGHNY,2023-01-02,56.0
KXHIGHNY,2023-01-03,58.0
KXHIGHNY,2023-01-04,66.0
KXHIGHNY,2023-01-05,50.0
KXHIGHNY,2023-01-06,49.0
KXHIGHNY,2023-01-07,45.0
KXHIGHNY,2023-01-08,41.0
KXHIGHNY,2023-01-09,44.0
KXHIGHNY,2023-01-10,41.0
KXHIGHNY,2023-01-11,39.0
KXHIGHNY,2023-01-12,55.0
KXHIGHNY,2023-01-13,57.0
KXHIGHNY,2023-01-14,38.0
KXHIGHNY,2023-01-15,41.0
KXHIGHNY,2023-01-16,48.0
KXHIGHNY,2023-01-17,47.0
KXHIGHNY,2023-01-18,53.0
KXHIGHNY,2023-01-19,44.0
KXHIGHNY,2023-01-20,49.0
KXHIGHNY,2023-01-21,42.0
KXHIGHNY,2023-01-22,42.0
KXHIGHNY,2023-01-23,39.0
KXHIGHNY,2023-01-24,46.0
KXHIGHNY,2023-01-25,54.0
KXHIGHNY,2023-01-26,57.0
KXHIGHNY,2023-01-27,44.0
KXHIGHNY,2023-01-28,52.0
KXHIGHNY,2023-01-29,53.0
KXHIGHNY,2023-01-30,55.0
KXHIGHNY,2023-01-31,50.0
KXHIGHNY,2023-02-01,38.0
KXHIGHNY,2023-02-02,40.0
KXHIGHNY,2023-02-03,35.0
KXHIGHNY,2023-02-04,27.0
KXHIGHNY,2023-02-05,49.0
KXHIGHNY,2023-02-06,52.0
KXHIGHNY,2023-02-07,43.0
KXHIGHNY,2023-02-08,53.0
KXHIGHNY,2023-02-09,55.0
KXHIGHNY,2023-02-10,61.0
KXHIGHNY,2023-02-11,46.0
KXHIGHNY,2023-02-12,48.0
KXHIGHNY,2023-02-13,57.0
KXHIGHNY,2023-02-14,54.0
KXHIGHNY,2023-02-15,67.0
KXHIGHNY,2023-02-16,70.0
KXHIGHNY,2023-02-17,61.0
KXHIGHNY,2023-02-18,43.0
KXHIGHNY,2023-02-19,50.0
KXHIGHNY,2023-02-20,61.0
KXHIGHNY,2023-02-21,50.0
KXHIGHNY,2023-02-22,44.0
KXHIGHNY,2023-02-23,44.0
KXHIGHNY,2023-02-24,45.0
KXHIGHNY,2023-02-25,33.0
KXHIGHNY,2023-02-26,50.0
KXHIGHNY,2023-02-27,46.0
KXHIGHNY,2023-02-28,38.0
KXHIGHNY,2023-03-01,44.0
KXHIGHNY,2023-03-02,54.0
KXHIGHNY,2023-03-03,47.0
KXHIGHNY,2023-03-04,45.0
KXHIGHNY,2023-03-05,53.0
KXHIGHNY,2023-03-06,52.0
KXHIGHNY,2023-03-07,47.0
KXHIGHNY,2023-03-08,48.0
KXHIGHNY,2023-03-09,51.0
KXHIGHNY,2023-03-10,46.0
KXHIGHNY,2023-03-11,45.0
KXHIGHNY,2023-03-12,48.0
KXHIGHNY,2023-03-13,45.0
KXHIGHNY,2023-03-14,38.0
KXHIGHNY,2023-03-15,45.0
KXHIGHNY,2023-03-16,59.0
KXHIGHNY,2023-03-17,60.0
KXHIGHNY,2023-03-18,56.0
KXHIGHNY,2023-03-19,40.0
KXHIGHNY,2023-03-20,51.0
KXHIGHNY,2023-03-21,63.0
KXHIGHNY,2023-03-22,62.0
KXHIGHNY,2023-03-23,60.0
KXHIGHNY,2023-03-24,55.0
KXHIGHNY,2023-03-25,47.0
KXHIGHNY,2023-03-26,63.0
KXHIGHNY,2023-03-27,62.0
KXHIGHNY,2023-03-28,52.0
KXHIGHNY,2023-03-29,55.0
KXHIGHNY,2023-03-30,46.0
KXHIGHNY,2023-03-31,57.0
KXHIGHNY,2023-04-01,72.0
KXHIGHNY,2023-04-02,51.0
KXHIGHNY,2023-04-03,59.0
KXHIGHNY,2023-04-04,73.0
KXHIGHNY,2023-04-05,57.0
KXHIGHNY,2023-04-06,80.0
KXHIGHNY,2023-04-07,60.0
KXHIGHNY,2023-04-08,54.0
KXHIGHNY,2023-04-09,57.0
KXHIGHNY,2023-04-10,68.0
KXHIGHNY,2023-04-11,75.0
KXHIGHNY,2023-04-12,84.0
KXHIGHNY,2023-04-13,90.0
KXHIGHNY,2023-04-14,91.0
KXHIGHNY,2023-04-15,75.0
KXHIGHNY,2023-04-16,71.0
KXHIGHNY,2023-04-17,68.0
KXHIGHNY,2023-04-18,57.0
KXHIGHNY,2023-04-19,64.0
KXHIGHNY,2023-04-20,66.0
KXHIGHNY,2023-04-21,71.0
KXHIGHNY,2023-04-22,67.0
KXHIGHNY,2023-04-23,69.0
KXHIGHNY,2023-04-24,62.0
KXHIGHNY,2023-04-25,60.0
KXHIGHNY,2023-04-26,60.0
KXHIGHNY,2023-04-27,57.0
KXHIGHNY,2023-04-28,56.0
KXHIGHNY,2023-04-29,53.0
KXHIGHNY,2023-04-30,60.0
KXHIGHNY,2023-05-01,61.0
KXHIGHNY,2023-05-02,56.0
KXHIGHNY,2023-05-03,57.0
KXHIGHNY,2023-05-04,55.0
KXHIGHNY,2023-05-05,66.0
KXHIGHNY,2023-05-06,73.0
KXHIGHNY,2023-05-07,78.0
KXHIGHNY,2023-05-08,77.0
KXHIGHNY,2023-05-09,71.0
KXHIGHNY,2023-05-10,73.0
KXHIGHNY,2023-05-11,80.0
KXHIGHNY,2023-05-12,87.0
KXHIGHNY,2023-05-13,82.0
KXHIGHNY,2023-05-14,74.0
KXHIGHNY,2023-05-15,74.0
KXHIGHNY,2023-05-16,79.0
KXHIGHNY,2023-05-17,69.0
KXHIGHNY,2023-05-18,61.0
KXHIGHNY,2023-05-19,70.0
KXHIGHNY,2023-05-20,65.0
KXHIGHNY,2023-05-21,70.0
KXHIGHNY,2023-05-22,75.0
KXHIGHNY,2023-05-23,70.0
KXHIGHNY,2023-05-24,77.0
KXHIGHNY,2023-05-25,68.0
KXHIGHNY,2023-05-26,72.0
KXHIGHNY,2023-05-27,78.0
KXHIGHNY,2023-05-28,79.0
KXHIGHNY,2023-05-29,79.0
KXHIGHNY,2023-05-30,72.0
KXHIGHNY,2023-05-31,77.0
KXHIGHNY,2023-06-01,87.0
KXHIGHNY,2023-06-02,91.0
KXHIGHNY,2023-06-03,69.0
KXHIGHNY,2023-06-04,69.0
KXHIGHNY,2023-06-05,76.0
KXHIGHNY,2023-06-06,79.0
KXHIGHNY,2023-06-07,69.0
KXHIGHNY,2023-06-08,72.0
KXHIGHNY,2023-06-09,72.0
KXHIGHNY,2023-06-10,78.0
KXHIGHNY,2023-06-11,82.0
KXHIGHNY,2023-06-12,78.0
KXHIGHNY,2023-06-13,78.0
KXHIGHNY,2023-06-14,76.0
KXHIGHNY,2023-06-15,77.0
KXHIGHNY,2023-06-16,79.0
KXHIGHNY,2023-06-17,77.0
KXHIGHNY,2023-06-18,80.0
KXHIGHNY,2023-06-19,81.0
KXHIGHNY,2023-06-20,78.0
KXHIGHNY,2023-06-21,73.0
KXHIGHNY,2023-06-22,72.0
KXHIGHNY,2023-06-23,71.0
KXHIGHNY,2023-06-24,78.0
KXHIGHNY,2023-06-25,85.0
KXHIGHNY,2023-06-26,78.0
KXHIGHNY,2023-06-27,79.0
KXHIGHNY,2023-06-28,82.0
KXHIGHNY,2023-06-29,82.0
KXHIGHNY,2023-06-30,84.0
KXHIGHNY,2023-07-01,82.0
KXHIGHNY,2023-07-02,88.0
KXHIGHNY,2023-07-03,89.0
KXHIGHNY,2023-07-04,83.0
KXHIGHNY,2023-07-05,93.0
KXHIGHNY,2023-07-06,90.0
KXHIGHNY,2023-07-07,87.0
KXHIGHNY,2023-07-08,88.0
KXHIGHNY,2023-07-09,82.0
KXHIGHNY,2023-07-10,84.0
KXHIGHNY,2023-07-11,89.0
KXHIGHNY,2023-07-12,91.0
KXHIGHNY,2023-07-13,88.0
KXHIGHNY,2023-07-14,84.0
KXHIGHNY,2023-07-15,88.0
KXHIGHNY,2023-07-16,78.0
KXHIGHNY,2023-07-17,88.0
KXHIGHNY,2023-07-18,84.0
KXHIGHNY,2023-07-19,80.0
KXHIGHNY,2023-07-20,88.0
KXHIGHNY,2023-07-21,84.0
KXHIGHNY,2023-07-22,85.0
KXHIGHNY,2023-07-23,88.0
KXHIGHNY,2023-07-24,85.0
KXHIGHNY,2023-07-25,86.0
KXHIGHNY,2023-07-26,87.0
KXHIGHNY,2023-07-27,92.0
KXHIGHNY,2023-07-28,92.0
KXHIGHNY,2023-07-29,89.0
KXHIGHNY,2023-07-30,80.0
KXHIGHNY,2023-07-31,85.0
KXHIGHNY,2023-08-01,82.0
KXHIGHNY,2023-08-02,81.0
KXHIGHNY,2023-08-03,80.0
KXHIGHNY,2023-08-04,77.0
KXHIGHNY,2023-08-05,87.0
KXHIGHNY,2023-08-06,87.0
KXHIGHNY,2023-08-07,81.0
KXHIGHNY,2023-08-08,80.0
KXHIGHNY,2023-08-09,86.0
KXHIGHNY,2023-08-10,81.0
KXHIGHNY,2023-08-11,85.0
KXHIGHNY,2023-08-12,85.0
KXHIGHNY,2023-08-13,88.0
KXHIGHNY,2023-08-14,87.0
KXHIGHNY,2023-08-15,80.0
KXHIGHNY,2023-08-16,82.0
KXHIGHNY,2023-08-17,79.0
KXHIGHNY,2023-08-18,80.0
KXHIGHNY,2023-08-19,78.0
KXHIGHNY,2023-08-20,85.0
KXHIGHNY,2023-08-21,88.0
KXHIGHNY,2023-08-22,79.0
KXHIGHNY,2023-08-23,80.0
KXHIGHNY,2023-08-24,73.0
KXHIGHNY,2023-08-25,78.0
KXHIGHNY,2023-08-26,84.0
KXHIGHNY,2023-08-27,84.0
KXHIGHNY,2023-08-28,76.0
KXHIGHNY,2023-08-29,80.0
KXHIGHNY,2023-08-30,83.0
KXHIGHNY,2023-08-31,77.0
KXHIGHNY,2023-09-01,76.0
KXHIGHNY,2023-09-02,79.0
KXHIGHNY,2023-09-03,88.0
KXHIGHNY,2023-09-04,89.0
KXHIGHNY,2023-09-05,92.0
KXHIGHNY,2023-09-06,93.0
KXHIGHNY,2023-09-07,93.0
KXHIGHNY,2023-09-08,90.0
KXHIGHNY,2023-09-09,84.0
KXHIGHNY,2023-09-10,77.0
KXHIGHNY,2023-09-11,82.0
KXHIGHNY,2023-09-12,82.0
KXHIGHNY,2023-09-13,79.0
KXHIGHNY,2023-09-14,77.0
KXHIGHNY,2023-09-15,69.0
KXHIGHNY,2023-09-16,75.0
KXHIGHNY,2023-09-17,77.0
KXHIGHNY,2023-09-18,68.0
KXHIGHNY,2023-09-19,72.0
KXHIGHNY,2023-09-20,74.0
KXHIGHNY,2023-09-21,71.0
KXHIGHNY,2023-09-22,71.0
KXHIGHNY,2023-09-23,63.0
KXHIGHNY,2023-09-24,66.0
KXHIGHNY,2023-09-25,66.0
KXHIGHNY,2023-09-26,60.0
KXHIGHNY,2023-09-27,64.0
KXHIGHNY,2023-09-28,65.0
KXHIGHNY,2023-09-29,63.0
KXHIGHNY,2023-09-30,66.0
KXHIGHNY,2023-10-01,76.0
KXHIGHNY,2023-10-02,77.0
KXHIGHNY,2023-10-03,80.0
KXHIGHNY,2023-10-04,83.0
KXHIGHNY,2023-10-05,77.0
KXHIGHNY,2023-10-06,71.0
KXHIGHNY,2023-10-07,69.0
KXHIGHNY,2023-10-08,59.0
KXHIGHNY,2023-10-09,60.0
KXHIGHNY,2023-10-10,63.0
KXHIGHNY,2023-10-11,69.0
KXHIGHNY,2023-10-12,69.0
KXHIGHNY,2023-10-13,63.0
KXHIGHNY,2023-10-14,56.0
KXHIGHNY,2023-10-15,60.0
KXHIGHNY,2023-10-16,63.0
KXHIGHNY,2023-10-17,61.0
KXHIGHNY,2023-10-18,63.0
KXHIGHNY,2023-10-19,64.0
KXHIGHNY,2023-10-20,63.0
KXHIGHNY,2023-10-21,63.0
KXHIGHNY,2023-10-22,57.0
KXHIGHNY,2023-10-23,60.0
KXHIGHNY,2023-10-24,65.0
KXHIGHNY,2023-10-25,72.0
KXHIGHNY,2023-10-26,77.0
KXHIGHNY,2023-10-27,74.0
KXHIGHNY,2023-10-28,80.0
KXHIGHNY,2023-10-29,63.0
KXHIGHNY,2023-10-30,60.0
KXHIGHNY,2023-10-31,51.0
KXHIGHNY,2023-11-01,49.0
KXHIGHNY,2023-11-02,48.0
KXHIGHNY,2023-11-03,55.0
KXHIGHNY,2023-11-04,61.0
KXHIGHNY,2023-11-05,65.0
KXHIGHNY,2023-11-06,56.0
KXHIGHNY,2023-11-07,64.0
KXHIGHNY,2023-11-08,54.0
KXHIGHNY,2023-11-09,57.0
KXHIGHNY,2023-11-10,53.0
KXHIGHNY,2023-11-11,55.0
KXHIGHNY,2023-11-12,44.0
KXHIGHNY,2023-11-13,49.0
KXHIGHNY,2023-11-14,53.0
KXHIGHNY,2023-11-15,53.0
KXHIGHNY,2023-11-16,65.0
KXHIGHNY,2023-11-17,67.0
KXHIGHNY,2023-11-18,63.0
KXHIGHNY,2023-11-19,55.0
KXHIGHNY,2023-11-20,46.0
KXHIGHNY,2023-11-21,48.0
KXHIGHNY,2023-11-22,54.0
KXHIGHNY,2023-11-23,52.0
KXHIGHNY,2023-11-24,51.0
KXHIGHNY,2023-11-25,40.0
KXHIGHNY,2023-11-26,56.0
KXHIGHNY,2023-11-27,56.0
KXHIGHNY,2023-11-28,41.0
KXHIGHNY,2023-11-29,38.0
KXHIGHNY,2023-11-30,51.0
KXHIGHNY,2023-12-01,51.0
KXHIGHNY,2023-12-02,60.0
KXHIGHNY,2023-12-03,53.0
KXHIGHNY,2023-12-04,54.0
KXHIGHNY,2023-12-05,43.0
KXHIGHNY,2023-12-06,43.0
KXHIGHNY,2023-12-07,39.0
KXHIGHNY,2023-12-08,51.0
KXHIGHNY,2023-12-09,59.0
KXHIGHNY,2023-12-10,61.0
KXHIGHNY,2023-12-11,50.0
KXHIGHNY,2023-12-12,44.0
KXHIGHNY,2023-12-13,47.0
KXHIGHNY,2023-12-14,41.0
KXHIGHNY,2023-12-15,58.0
KXHIGHNY,2023-12-16,54.0
KXHIGHNY,2023-12-17,59.0
KXHIGHNY,2023-12-18,62.0
KXHIGHNY,2023-12-19,44.0
KXHIGHNY,2023-12-20,46.0
KXHIGHNY,2023-12-21,42.0
KXHIGHNY,2023-12-22,37.0
KXHIGHNY,2023-12-23,44.0
KXHIGHNY,2023-12-24,49.0
KXHIGHNY,2023-12-25,49.0
KXHIGHNY,2023-12-26,51.0
KXHIGHNY,2023-12-27,50.0
KXHIGHNY,2023-12-28,55.0
KXHIGHNY,2023-12-29,55.0
KXHIGHNY,2023-12-30,46.0
KXHIGHNY,2023-12-31,43.0
KXHIGHNY,2024-01-01,47.0
KXHIGHNY,2024-01-02,42.0
KXHIGHNY,2024-01-03,43.0
KXHIGHNY,2024-01-04,45.0
KXHIGHNY,2024-01-05,37.0
KXHIGHNY,2024-01-06,38.0
KXHIGHNY,2024-01-07,38.0
KXHIGHNY,2024-01-08,45.0
KXHIGHNY,2024-01-09,57.0
KXHIGHNY,2024-01-10,57.0
KXHIGHNY,2024-01-11,47.0
KXHIGHNY,2024-01-12,50.0
KXHIGHNY,2024-01-13,60.0
KXHIGHNY,2024-01-14,44.0
KXHIGHNY,2024-01-15,29.0
KXHIGHNY,2024-01-16,32.0
KXHIGHNY,2024-01-17,24.0
KXHIGHNY,2024-01-18,34.0
KXHIGHNY,2024-01-19,32.0
KXHIGHNY,2024-01-20,26.0
KXHIGHNY,2024-01-21,31.0
KXHIGHNY,2024-01-22,38.0
KXHIGHNY,2024-01-23,40.0
KXHIGHNY,2024-01-24,48.0
KXHIGHNY,2024-01-25,59.0
KXHIGHNY,2024-01-26,46.0
KXHIGHNY,2024-01-27,49.0
KXHIGHNY,2024-01-28,44.0
KXHIGHNY,2024-01-29,40.0
KXHIGHNY,2024-01-30,38.0
KXHIGHNY,2024-01-31,40.0
KXHIGHNY,2024-02-01,46.0
KXHIGHNY,2024-02-02,46.0
KXHIGHNY,2024-02-03,43.0
KXHIGHNY,2024-02-04,46.0
KXHIGHNY,2024-02-05,45.0
KXHIGHNY,2024-02-06,42.0
KXHIGHNY,2024-02-07,48.0
KXHIGHNY,2024-02-08,53.0
KXHIGHNY,2024-02-09,55.0
KXHIGHNY,2024-02-10,60.0
KXHIGHNY,2024-02-11,56.0
KXHIGHNY,2024-02-12,48.0
KXHIGHNY,2024-02-13,41.0
KXHIGHNY,2024-02-14,38.0
KXHIGHNY,2024-02-15,39.0
KXHIGHNY,2024-02-16,43.0
KXHIGHNY,2024-02-17,36.0
KXHIGHNY,2024-02-18,40.0
KXHIGHNY,2024-02-19,41.0
KXHIGHNY,2024-02-20,40.0
KXHIGHNY,2024-02-21,43.0
KXHIGHNY,2024-02-22,45.0
KXHIGHNY,2024-02-23,47.0
KXHIGHNY,2024-02-24,44.0
KXHIGHNY,2024-02-25,41.0
KXHIGHNY,2024-02-26,55.0
KXHIGHNY,2024-02-27,55.0
KXHIGHNY,2024-02-28,62.0
KXHIGHNY,2024-02-29,43.0
KXHIGHNY,2024-03-01,48.0
KXHIGHNY,2024-03-02,55.0
KXHIGHNY,2024-03-03,68.0
KXHIGHNY,2024-03-04,59.0
KXHIGHNY,2024-03-05,49.0
KXHIGHNY,2024-03-06,53.0
KXHIGHNY,2024-03-07,54.0
KXHIGHNY,2024-03-08,57.0
KXHIGHNY,2024-03-09,49.0
KXHIGHNY,2024-03-10,51.0
KXHIGHNY,2024-03-11,52.0
KXHIGHNY,2024-03-12,66.0
KXHIGHNY,2024-03-13,62.0
KXHIGHNY,2024-03-14,74.0
KXHIGHNY,2024-03-15,73.0
KXHIGHNY,2024-03-16,61.0
KXHIGHNY,2024-03-17,63.0
KXHIGHNY,2024-03-18,51.0
KXHIGHNY,2024-03-19,48.0
KXHIGHNY,2024-03-20,57.0
KXHIGHNY,2024-03-21,43.0
KXHIGHNY,2024-03-22,46.0
KXHIGHNY,2024-03-23,50.0
KXHIGHNY,2024-03-24,48.0
KXHIGHNY,2024-03-25,53.0
KXHIGHNY,2024-03-26,53.0
KXHIGHNY,2024-03-27,52.0
KXHIGHNY,2024-03-28,51.0
KXHIGHNY,2024-03-29,56.0
KXHIGHNY,2024-03-30,62.0
KXHIGHNY,2024-03-31,62.0
KXHIGHNY,2024-04-01,54.0
KXHIGHNY,2024-04-02,51.0
KXHIGHNY,2024-04-03,45.0
KXHIGHNY,2024-04-04,53.0
KXHIGHNY,2024-04-05,50.0
KXHIGHNY,2024-04-06,54.0
KXHIGHNY,2024-04-07,60.0
KXHIGHNY,2024-04-08,69.0
KXHIGHNY,2024-04-09,80.0
KXHIGHNY,2024-04-10,67.0
KXHIGHNY,2024-04-11,61.0
KXHIGHNY,2024-04-12,63.0
KXHIGHNY,2024-04-13,56.0
KXHIGHNY,2024-04-14,75.0
KXHIGHNY,2024-04-15,82.0
KXHIGHNY,2024-04-16,73.0
KXHIGHNY,2024-04-17,62.0
KXHIGHNY,2024-04-18,50.0
KXHIGHNY,2024-04-19,60.0
KXHIGHNY,2024-04-20,71.0
KXHIGHNY,2024-04-21,54.0
KXHIGHNY,2024-04-22,64.0
KXHIGHNY,2024-04-23,65.0
KXHIGHNY,2024-04-24,74.0
KXHIGHNY,2024-04-25,60.0
KXHIGHNY,2024-04-26,65.0
KXHIGHNY,2024-04-27,64.0
KXHIGHNY,2024-04-28,79.0
KXHIGHNY,2024-04-29,87.0
KXHIGHNY,2024-04-30,66.0
KXHIGHNY,2024-05-01,80.0
KXHIGHNY,2024-05-02,79.0
KXHIGHNY,2024-05-03,65.0
KXHIGHNY,2024-05-04,63.0
KXHIGHNY,2024-05-05,54.0
KXHIGHNY,2024-05-06,74.0
KXHIGHNY,2024-05-07,80.0
KXHIGHNY,2024-05-08,84.0
KXHIGHNY,2024-05-09,70.0
KXHIGHNY,2024-05-10,56.0
KXHIGHNY,2024-05-11,64.0
KXHIGHNY,2024-05-12,57.0
KXHIGHNY,2024-05-13,65.0
KXHIGHNY,2024-05-14,72.0
KXHIGHNY,2024-05-15,64.0
KXHIGHNY,2024-05-16,64.0
KXHIGHNY,2024-05-17,72.0
KXHIGHNY,2024-05-18,69.0
KXHIGHNY,2024-05-19,75.0
KXHIGHNY,2024-05-20,74.0
KXHIGHNY,2024-05-21,83.0
KXHIGHNY,2024-05-22,84.0
KXHIGHNY,2024-05-23,79.0
KXHIGHNY,2024-05-24,84.0
KXHIGHNY,2024-05-25,81.0
KXHIGHNY,2024-05-26,82.0
KXHIGHNY,2024-05-27,73.0
KXHIGHNY,2024-05-28,79.0
KXHIGHNY,2024-05-29,76.0
KXHIGHNY,2024-05-30,71.0
KXHIGHNY,2024-05-31,75.0
KXHIGHNY,2024-06-01,83.0
KXHIGHNY,2024-06-02,81.0
KXHIGHNY,2024-06-03,86.0
KXHIGHNY,2024-06-04,79.0
KXHIGHNY,2024-06-05,79.0
KXHIGHNY,2024-06-06,81.0
KXHIGHNY,2024-06-07,82.0
KXHIGHNY,2024-06-08,76.0
KXHIGHNY,2024-06-09,74.0
KXHIGHNY,2024-06-10,75.0
KXHIGHNY,2024-06-11,73.0
KXHIGHNY,2024-06-12,76.0
KXHIGHNY,2024-06-13,84.0
KXHIGHNY,2024-06-14,85.0
KXHIGHNY,2024-06-15,80.0
KXHIGHNY,2024-06-16,78.0
KXHIGHNY,2024-06-17,83.0
KXHIGHNY,2024-06-18,86.0
KXHIGHNY,2024-06-19,89.0
KXHIGHNY,2024-06-20,91.0
KXHIGHNY,2024-06-21,94.0
KXHIGHNY,2024-06-22,93.0
KXHIGHNY,2024-06-23,92.0
KXHIGHNY,2024-06-24,80.0
KXHIGHNY,2024-06-25,90.0
KXHIGHNY,2024-06-26,93.0
KXHIGHNY,2024-06-27,84.0
KXHIGHNY,2024-06-28,79.0
KXHIGHNY,2024-06-29,79.0
KXHIGHNY,2024-06-30,85.0
KXHIGHNY,2024-07-01,81.0
KXHIGHNY,2024-07-02,86.0
KXHIGHNY,2024-07-03,83.0
KXHIGHNY,2024-07-04,89.0
KXHIGHNY,2024-07-05,90.0
KXHIGHNY,2024-07-06,92.0
KXHIGHNY,2024-07-07,93.0
KXHIGHNY,2024-07-08,95.0
KXHIGHNY,2024-07-09,89.0
KXHIGHNY,2024-07-10,91.0
KXHIGHNY,2024-07-11,89.0
KXHIGHNY,2024-07-12,84.0
KXHIGHNY,2024-07-13,87.0
KXHIGHNY,2024-07-14,90.0
KXHIGHNY,2024-07-15,91.0
KXHIGHNY,2024-07-16,94.0
KXHIGHNY,2024-07-17,90.0
KXHIGHNY,2024-07-18,86.0
KXHIGHNY,2024-07-19,83.0
KXHIGHNY,2024-07-20,83.0
KXHIGHNY,2024-07-21,88.0
KXHIGHNY,2024-07-22,84.0
KXHIGHNY,2024-07-23,81.0
KXHIGHNY,2024-07-24,81.0
KXHIGHNY,2024-07-25,83.0
KXHIGHNY,2024-07-26,84.0
KXHIGHNY,2024-07-27,87.0
KXHIGHNY,2024-07-28,89.0
KXHIGHNY,2024-07-29,84.0
KXHIGHNY,2024-07-30,88.0
KXHIGHNY,2024-07-31,89.0
KXHIGHNY,2024-08-01,95.0
KXHIGHNY,2024-08-02,92.0
KXHIGHNY,2024-08-03,93.0
KXHIGHNY,2024-08-04,83.0
KXHIGHNY,2024-08-05,90.0
KXHIGHNY,2024-08-06,90.0
KXHIGHNY,2024-08-07,72.0
KXHIGHNY,2024-08-08,70.0
KXHIGHNY,2024-08-09,80.0
KXHIGHNY,2024-08-10,85.0
KXHIGHNY,2024-08-11,80.0
KXHIGHNY,2024-08-12,81.0
KXHIGHNY,2024-08-13,81.0
KXHIGHNY,2024-08-14,85.0
KXHIGHNY,2024-08-15,86.0
KXHIGHNY,2024-08-16,87.0
KXHIGHNY,2024-08-17,79.0
KXHIGHNY,2024-08-18,81.0
KXHIGHNY,2024-08-19,84.0
KXHIGHNY,2024-08-20,72.0
KXHIGHNY,2024-08-21,73.0
KXHIGHNY,2024-08-22,76.0
KXHIGHNY,2024-08-23,80.0
KXHIGHNY,2024-08-24,83.0
KXHIGHNY,2024-08-25,85.0
KXHIGHNY,2024-08-26,85.0
KXHIGHNY,2024-08-27,86.0
KXHIGHNY,2024-08-28,91.0
KXHIGHNY,2024-08-29,82.0
KXHIGHNY,2024-08-30,74.0
KXHIGHNY,2024-08-31,77.0
KXHIGHNY,2024-09-01,81.0
KXHIGHNY,2024-09-02,79.0
KXHIGHNY,2024-09-03,74.0
KXHIGHNY,2024-09-04,77.0
KXHIGHNY,2024-09-05,77.0
KXHIGHNY,2024-09-06,78.0
KXHIGHNY,2024-09-07,76.0
KXHIGHNY,2024-09-08,69.0
KXHIGHNY,2024-09-09,75.0
KXHIGHNY,2024-09-10,78.0
KXHIGHNY,2024-09-11,79.0
KXHIGHNY,2024-09-12,80.0
KXHIGHNY,2024-09-13,82.0
KXHIGHNY,2024-09-14,83.0
KXHIGHNY,2024-09-15,80.0
KXHIGHNY,2024-09-16,77.0
KXHIGHNY,2024-09-17,79.0
KXHIGHNY,2024-09-18,75.0
KXHIGHNY,2024-09-19,84.0
KXHIGHNY,2024-09-20,81.0
KXHIGHNY,2024-09-21,79.0
KXHIGHNY,2024-09-22,74.0
KXHIGHNY,2024-09-23,67.0
KXHIGHNY,2024-09-24,68.0
KXHIGHNY,2024-09-25,68.0
KXHIGHNY,2024-09-26,74.0
KXHIGHNY,2024-09-27,74.0
KXHIGHNY,2024-09-28,68.0
KXHIGHNY,2024-09-29,63.0
KXHIGHNY,2024-09-30,72.0
KXHIGHNY,2024-10-01,69.0
KXHIGHNY,2024-10-02,68.0
KXHIGHNY,2024-10-03,72.0
KXHIGHNY,2024-10-04,73.0
KXHIGHNY,2024-10-05,75.0
KXHIGHNY,2024-10-06,71.0
KXHIGHNY,2024-10-07,75.0
KXHIGHNY,2024-10-08,68.0
KXHIGHNY,2024-10-09,68.0
KXHIGHNY,2024-10-10,62.0
KXHIGHNY,2024-10-11,68.0
KXHIGHNY,2024-10-12,74.0
KXHIGHNY,2024-10-13,69.0
KXHIGHNY,2024-10-14,66.0
KXHIGHNY,2024-10-15,57.0
KXHIGHNY,2024-10-16,59.0
KXHIGHNY,2024-10-17,58.0
KXHIGHNY,2024-10-18,66.0
KXHIGHNY,2024-10-19,71.0
KXHIGHNY,2024-10-20,73.0
KXHIGHNY,2024-10-21,79.0
KXHIGHNY,2024-10-22,81.0
KXHIGHNY,2024-10-23,75.0
KXHIGHNY,2024-10-24,69.0
KXHIGHNY,2024-10-25,62.0
KXHIGHNY,2024-10-26,64.0
KXHIGHNY,2024-10-27,57.0
KXHIGHNY,2024-10-28,61.0
KXHIGHNY,2024-10-29,63.0
KXHIGHNY,2024-10-30,76.0
KXHIGHNY,2024-10-31,81.0
KXHIGHNY,2024-11-01,79.0
KXHIGHNY,2024-11-02,60.0
KXHIGHNY,2024-11-03,54.0
KXHIGHNY,2024-11-04,58.0
KXHIGHNY,2024-11-05,73.0
KXHIGHNY,2024-11-06,80.0
KXHIGHNY,2024-11-07,73.0
KXHIGHNY,2024-11-08,69.0
KXHIGHNY,2024-11-09,54.0
KXHIGHNY,2024-11-10,58.0
KXHIGHNY,2024-11-11,68.0
KXHIGHNY,2024-11-12,59.0
KXHIGHNY,2024-11-13,50.0
KXHIGHNY,2024-11-14,47.0
KXHIGHNY,2024-11-15,58.0
KXHIGHNY,2024-11-16,62.0
KXHIGHNY,2024-11-17,63.0
KXHIGHNY,2024-11-18,66.0
KXHIGHNY,2024-11-19,60.0
KXHIGHNY,2024-11-20,60.0
KXHIGHNY,2024-11-21,54.0
KXHIGHNY,2024-11-22,40.0
KXHIGHNY,2024-11-23,49.0
KXHIGHNY,2024-11-24,53.0
KXHIGHNY,2024-11-25,54.0
KXHIGHNY,2024-11-26,58.0
KXHIGHNY,2024-11-27,52.0
KXHIGHNY,2024-11-28,49.0
KXHIGHNY,2024-11-29,47.0
KXHIGHNY,2024-11-30,39.0
KXHIGHNY,2024-12-01,38.0
KXHIGHNY,2024-12-02,39.0
KXHIGHNY,2024-12-03,42.0
KXHIGHNY,2024-12-04,42.0
KXHIGHNY,2024-12-05,40.0
KXHIGHNY,2024-12-06,34.0
KXHIGHNY,2024-12-07,41.0
KXHIGHNY,2024-12-08,55.0
KXHIGHNY,2024-12-09,51.0
KXHIGHNY,2024-12-10,50.0
KXHIGHNY,2024-12-11,60.0
KXHIGHNY,2024-12-12,41.0
KXHIGHNY,2024-12-13,33.0
KXHIGHNY,2024-12-14,34.0
KXHIGHNY,2024-12-15,41.0
KXHIGHNY,2024-12-16,52.0
KXHIGHNY,2024-12-17,59.0
KXHIGHNY,2024-12-18,53.0
KXHIGHNY,2024-12-19,45.0
KXHIGHNY,2024-12-20,37.0
KXHIGHNY,2024-12-21,33.0
KXHIGHNY,2024-12-22,21.0
KXHIGHNY,2024-12-23,31.0
KXHIGHNY,2024-12-24,39.0
KXHIGHNY,2024-12-25,35.0
KXHIGHNY,2024-12-26,36.0
KXHIGHNY,2024-12-27,44.0
KXHIGHNY,2024-12-28,54.0
KXHIGHNY,2024-12-29,60.0
KXHIGHNY,2024-12-30,58.0
KXHIGHNY,2024-12-31,53.0
KXHIGHNY,2025-01-01,51.0
KXHIGHNY,2025-01-02,43.0
KXHIGHNY,2025-01-03,39.0
KXHIGHNY,2025-01-04,33.0
KXHIGHNY,2025-01-05,33.0
KXHIGHNY,2025-01-06,30.0
KXHIGHNY,2025-01-07,33.0
KXHIGHNY,2025-01-08,30.0
KXHIGHNY,2025-01-09,33.0
KXHIGHNY,2025-01-10,39.0
KXHIGHNY,2025-01-11,36.0
KXHIGHNY,2025-01-12,42.0
KXHIGHNY,2025-01-13,42.0
KXHIGHNY,2025-01-14,35.0
KXHIGHNY,2025-01-15,32.0
KXHIGHNY,2025-01-16,30.0
KXHIGHNY,2025-01-17,42.0
KXHIGHNY,2025-01-18,46.0
KXHIGHNY,2025-01-19,41.0
KXHIGHNY,2025-01-20,26.0
KXHIGHNY,2025-01-21,19.0
KXHIGHNY,2025-01-22,20.0
KXHIGHNY,2025-01-23,28.0
KXHIGHNY,2025-01-24,33.0
KXHIGHNY,2025-01-25,33.0
KXHIGHNY,2025-01-26,43.0
KXHIGHNY,2025-01-27,40.0
KXHIGHNY,2025-01-28,42.0
KXHIGHNY,2025-01-29,52.0
KXHIGHNY,2025-01-30,38.0
KXHIGHNY,2025-01-31,48.0
KXHIGHNY,2025-02-01,48.0
KXHIGHNY,2025-02-02,31.0
KXHIGHNY,2025-02-03,49.0
KXHIGHNY,2025-02-04,47.0
KXHIGHNY,2025-02-05,36.0
KXHIGHNY,2025-02-06,38.0
KXHIGHNY,2025-02-07,43.0
KXHIGHNY,2025-02-08,35.0
KXHIGHNY,2025-02-09,36.0
KXHIGHNY,2025-02-10,37.0
KXHIGHNY,2025-02-11,35.0
KXHIGHNY,2025-02-12,36.0
KXHIGHNY,2025-02-13,46.0
KXHIGHNY,2025-02-14,36.0
KXHIGHNY,2025-02-15,35.0
KXHIGHNY,2025-02-16,47.0
KXHIGHNY,2025-02-17,36.0
KXHIGHNY,2025-02-18,27.0
KXHIGHNY,2025-02-19,30.0
KXHIGHNY,2025-02-20,29.0
KXHIGHNY,2025-02-21,35.0
KXHIGHNY,2025-02-22,40.0
KXHIGHNY,2025-02-23,46.0
KXHIGHNY,2025-02-24,49.0
KXHIGHNY,2025-02-25,57.0
KXHIGHNY,2025-02-26,56.0
KXHIGHNY,2025-02-27,54.0
KXHIGHNY,2025-02-28,51.0
KXHIGHNY,2025-03-01,64.0
KXHIGHNY,2025-03-02,33.0
KXHIGHNY,2025-03-03,39.0
KXHIGHNY,2025-03-04,52.0
KXHIGHNY,2025-03-05,54.0
KXHIGHNY,2025-03-06,55.0
KXHIGHNY,2025-03-07,50.0
KXHIGHNY,2025-03-08,45.0
KXHIGHNY,2025-03-09,53.0
KXHIGHNY,2025-03-10,66.0
KXHIGHNY,2025-03-11,65.0
KXHIGHNY,2025-03-12,55.0
KXHIGHNY,2025-03-13,50.0
KXHIGHNY,2025-03-14,57.0
KXHIGHNY,2025-03-15,49.0
KXHIGHNY,2025-03-16,61.0
KXHIGHNY,2025-03-17,59.0
KXHIGHNY,2025-03-18,61.0
KXHIGHNY,2025-03-19,63.0
KXHIGHNY,2025-03-20,52.0
KXHIGHNY,2025-03-21,51.0
KXHIGHNY,2025-03-22,64.0
KXHIGHNY,2025-03-23,48.0
KXHIGHNY,2025-03-24,50.0
KXHIGHNY,2025-03-25,58.0
KXHIGHNY,2025-03-26,53.0
KXHIGHNY,2025-03-27,53.0
KXHIGHNY,2025-03-28,63.0
KXHIGHNY,2025-03-29,81.0
KXHIGHNY,2025-03-30,48.0
KXHIGHNY,2025-03-31,73.0
KXHIGHNY,2025-04-01,58.0
KXHIGHNY,2025-04-02,49.0
KXHIGHNY,2025-04-03,73.0
KXHIGHNY,2025-04-04,73.0
KXHIGHNY,2025-04-05,59.0
KXHIGHNY,2025-04-06,56.0
KXHIGHNY,2025-04-07,50.0
KXHIGHNY,2025-04-08,45.0
KXHIGHNY,2025-04-09,49.0
KXHIGHNY,2025-04-10,51.0
KXHIGHNY,2025-04-11,46.0
KXHIGHNY,2025-04-12,40.0
KXHIGHNY,2025-04-13,58.0
KXHIGHNY,2025-04-14,66.0
KXHIGHNY,2025-04-15,69.0
KXHIGHNY,2025-04-16,50.0
KXHIGHNY,2025-04-17,64.0
KXHIGHNY,2025-04-18,68.0
KXHIGHNY,2025-04-19,85.0
KXHIGHNY,2025-04-20,73.0
KXHIGHNY,2025-04-21,57.0
KXHIGHNY,2025-04-22,82.0
KXHIGHNY,2025-04-23,76.0
KXHIGHNY,2025-04-24,77.0
KXHIGHNY,2025-04-25,77.0
KXHIGHNY,2025-04-26,74.0
KXHIGHNY,2025-04-27,59.0
KXHIGHNY,2025-04-28,76.0
KXHIGHNY,2025-04-29,79.0
KXHIGHNY,2025-04-30,73.0
KXHIGHNY,2025-05-01,71.0
KXHIGHNY,2025-05-02,84.0
KXHIGHNY,2025-05-03,85.0
KXHIGHNY,2025-05-04,69.0
KXHIGHNY,2025-05-05,61.0
KXHIGHNY,2025-05-06,64.0
KXHIGHNY,2025-05-07,74.0
KXHIGHNY,2025-05-08,78.0
KXHIGHNY,2025-05-09,60.0
KXHIGHNY,2025-05-10,72.0
KXHIGHNY,2025-05-11,77.0
KXHIGHNY,2025-05-12,72.0
KXHIGHNY,2025-05-13,69.0
KXHIGHNY,2025-05-14,62.0
KXHIGHNY,2025-05-15,69.0
KXHIGHNY,2025-05-16,72.0
KXHIGHNY,2025-05-17,82.0
KXHIGHNY,2025-05-18,73.0
KXHIGHNY,2025-05-19,69.0
KXHIGHNY,2025-05-20,67.0
KXHIGHNY,2025-05-21,59.0
KXHIGHNY,2025-05-22,51.0
KXHIGHNY,2025-05-23,63.0
KXHIGHNY,2025-05-24,64.0
KXHIGHNY,2025-05-25,66.0
KXHIGHNY,2025-05-26,73.0
KXHIGHNY,2025-05-27,74.0
KXHIGHNY,2025-05-28,65.0
KXHIGHNY,2025-05-29,67.0
KXHIGHNY,2025-05-30,75.0
KXHIGHNY,2025-05-31,67.0
KXHIGHNY,2025-06-01,66.0
KXHIGHNY,2025-06-02,71.0
KXHIGHNY,2025-06-03,79.0
KXHIGHNY,2025-06-04,83.0
KXHIGHNY,2025-06-05,87.0
KXHIGHNY,2025-06-06,84.0
KXHIGHNY,2025-06-07,76.0
KXHIGHNY,2025-06-08,76.0
KXHIGHNY,2025-06-09,64.0
KXHIGHNY,2025-06-10,73.0
KXHIGHNY,2025-06-11,81.0
KXHIGHNY,2025-06-12,87.0
KXHIGHNY,2025-06-13,78.0
KXHIGHNY,2025-06-14,68.0
KXHIGHNY,2025-06-15,64.0
KXHIGHNY,2025-06-16,69.0
KXHIGHNY,2025-06-17,67.0
KXHIGHNY,2025-06-18,84.0
KXHIGHNY,2025-06-19,88.0
KXHIGHNY,2025-06-20,82.0
KXHIGHNY,2025-06-21,86.0
KXHIGHNY,2025-06-22,88.0
KXHIGHNY,2025-06-23,96.0
KXHIGHNY,2025-06-24,99.0
KXHIGHNY,2025-06-25,96.0
KXHIGHNY,2025-06-26,85.0
KXHIGHNY,2025-06-27,72.0
KXHIGHNY,2025-06-28,83.0
KXHIGHNY,2025-06-29,89.0
KXHIGHNY,2025-06-30,90.0
KXHIGHNY,2025-07-01,89.0
KXHIGHNY,2025-07-02,84.0
KXHIGHNY,2025-07-03,88.0
KXHIGHNY,2025-07-04,83.0
KXHIGHNY,2025-07-05,84.0
KXHIGHNY,2025-07-06,87.0
KXHIGHNY,2025-07-07,87.0
KXHIGHNY,2025-07-08,93.0
KXHIGHNY,2025-07-09,90.0
KXHIGHNY,2025-07-10,84.0
KXHIGHNY,2025-07-11,84.0
KXHIGHNY,2025-07-12,83.0
KXHIGHNY,2025-07-13,83.0
KXHIGHNY,2025-07-14,85.0
KXHIGHNY,2025-07-15,86.0
KXHIGHNY,2025-07-16,87.0
KXHIGHNY,2025-07-17,90.0
KXHIGHNY,2025-07-18,82.0
KXHIGHNY,2025-07-19,81.0
KXHIGHNY,2025-07-20,88.0
KXHIGHNY,2025-07-21,85.0
KXHIGHNY,2025-07-22,81.0
KXHIGHNY,2025-07-23,80.0
KXHIGHNY,2025-07-24,87.0
KXHIGHNY,2025-07-25,95.0
KXHIGHNY,2025-07-26,85.0
KXHIGHNY,2025-07-27,84.0
KXHIGHNY,2025-07-28,94.0
KXHIGHNY,2025-07-29,97.0
KXHIGHNY,2025-07-30,95.0
KXHIGHNY,2025-07-31,89.0
KXHIGHNY,2025-08-01,73.0
KXHIGHNY,2025-08-02,80.0
KXHIGHNY,2025-08-03,84.0
KXHIGHNY,2025-08-04,89.0
KXHIGHNY,2025-08-05,86.0
KXHIGHNY,2025-08-06,79.0
KXHIGHNY,2025-08-07,81.0
KXHIGHNY,2025-08-08,82.0
KXHIGHNY,2025-08-09,85.0
KXHIGHNY,2025-08-10,90.0
KXHIGHNY,2025-08-11,89.0
KXHIGHNY,2025-08-12,91.0
KXHIGHNY,2025-08-13,89.0
KXHIGHNY,2025-08-14,89.0
KXHIGHNY,2025-08-15,89.0
KXHIGHNY,2025-08-16,84.0
KXHIGHNY,2025-08-17,91.0
KXHIGHNY,2025-08-18,75.0
KXHIGHNY,2025-08-19,77.0
KXHIGHNY,2025-08-20,70.0
KXHIGHNY,2025-08-21,72.0
KXHIGHNY,2025-08-22,83.0
KXHIGHNY,2025-08-23,82.0
KXHIGHNY,2025-08-24,80.0
KXHIGHNY,2025-08-25,86.0
KXHIGHNY,2025-08-26,79.0
KXHIGHNY,2025-08-27,75.0
KXHIGHNY,2025-08-28,78.0
KXHIGHNY,2025-08-29,78.0
KXHIGHNY,2025-08-30,76.0
KXHIGHNY,2025-08-31,79.0
KXHIGHNY,2025-09-01,78.0
KXHIGHNY,2025-09-02,79.0
KXHIGHNY,2025-09-03,79.0
KXHIGHNY,2025-09-04,77.0
KXHIGHNY,2025-09-05,82.0
KXHIGHNY,2025-09-06,86.0
KXHIGHNY,2025-09-07,69.0
KXHIGHNY,2025-09-08,73.0
KXHIGHNY,2025-09-09,73.0
KXHIGHNY,2025-09-10,73.0
KXHIGHNY,2025-09-11,79.0
KXHIGHNY,2025-09-12,78.0
KXHIGHNY,2025-09-13,77.0
KXHIGHNY,2025-09-14,81.0
KXHIGHNY,2025-09-15,79.0
KXHIGHNY,2025-09-16,74.0
KXHIGHNY,2025-09-17,70.0
KXHIGHNY,2025-09-18,83.0
KXHIGHNY,2025-09-19,84.0
KXHIGHNY,2025-09-20,73.0
KXHIGHNY,2025-09-21,71.0
KXHIGHNY,2025-09-22,73.0
KXHIGHNY,2025-09-23,83.0
KXHIGHNY,2025-09-24,80.0
KXHIGHNY,2025-09-25,77.0
KXHIGHNY,2025-09-26,82.0
KXHIGHNY,2025-09-27,79.0
KXHIGHNY,2025-09-28,83.0
KXHIGHNY,2025-09-29,78.0
KXHIGHNY,2025-09-30,81.0
KXHIGHNY,2025-10-01,69.0
KXHIGHNY,2025-10-02,66.0
KXHIGHNY,2025-10-03,71.0
KXHIGHNY,2025-10-04,82.0
KXHIGHNY,2025-10-05,84.0
KXHIGHNY,2025-10-06,80.0
KXHIGHNY,2025-10-07,80.0
KXHIGHNY,2025-10-08,72.0
KXHIGHNY,2025-10-09,59.0
KXHIGHNY,2025-10-10,62.0
KXHIGHNY,2025-10-11,64.0
KXHIGHNY,2025-10-12,63.0
KXHIGHNY,2025-10-13,58.0
KXHIGHNY,2025-10-14,61.0
KXHIGHNY,2025-10-15,68.0
KXHIGHNY,2025-10-16,61.0
KXHIGHNY,2025-10-17,63.0
KXHIGHNY,2025-10-18,65.0
KXHIGHNY,2025-10-19,70.0
KXHIGHNY,2025-10-20,68.0
KXHIGHNY,2025-10-21,66.0
KXHIGHNY,2025-10-22,62.0
KXHIGHNY,2025-10-23,60.0
KXHIGHNY,2025-10-24,59.0
KXHIGHNY,2025-10-25,58.0
KXHIGHNY,2025-10-26,59.0
KXHIGHNY,2025-10-27,55.0
KXHIGHNY,2025-10-28,54.0
KXHIGHNY,2025-10-29,56.0
KXHIGHNY,2025-10-30,63.0
KXHIGHNY,2025-10-31,58.0
KXHIGHNY,2025-11-01,58.0
KXHIGHNY,2025-11-02,59.0
KXHIGHNY,2025-11-03,59.0
KXHIGHNY,2025-11-04,59.0
KXHIGHNY,2025-11-05,66.0
KXHIGHNY,2025-11-06,57.0
KXHIGHNY,2025-11-07,61.0
KXHIGHNY,2025-11-08,65.0
KXHIGHNY,2025-11-09,63.0
KXHIGHNY,2025-11-10,59.0
KXHIGHNY,2025-11-11,41.0
KXHIGHNY,2025-11-12,50.0
KXHIGHNY,2025-11-13,51.0
KXHIGHNY,2025-11-14,51.0
KXHIGHNY,2025-11-15,50.0
KXHIGHNY,2025-11-16,56.0
KXHIGHNY,2025-11-17,44.0
KXHIGHNY,2025-11-18,45.0
KXHIGHNY,2025-11-19,47.0
KXHIGHNY,2025-11-20,47.0
KXHIGHNY,2025-11-21,52.0
KXHIGHNY,2025-11-22,52.0
KXHIGHNY,2025-11-23,49.0
KXHIGHNY,2025-11-24,52.0
KXHIGHNY,2025-11-25,58.0
KXHIGHNY,2025-11-26,59.0
KXHIGHNY,2025-11-27,49.0
KXHIGHNY,2025-11-28,43.0
KXHIGHNY,2025-11-29,42.0
KXHIGHNY,2025-11-30,47.0
KXHIGHNY,2025-12-01,43.0
KXHIGHNY,2025-12-02,40.0
KXHIGHNY,2025-12-03,41.0
KXHIGHNY,2025-12-04,41.0
KXHIGHNY,2025-12-05,32.0
KXHIGHNY,2025-12-06,42.0
KXHIGHNY,2025-12-07,43.0
KXHIGHNY,2025-12-08,38.0
KXHIGHNY,2025-12-09,35.0
KXHIGHNY,2025-12-10,47.0
KXHIGHNY,2025-12-11,41.0
KXHIGHNY,2025-12-12,35.0
KXHIGHNY,2025-12-13,41.0
KXHIGHNY,2025-12-14,33.0
KXHIGHNY,2025-12-15,29.0
KXHIGHNY,2025-12-16,32.0
KXHIGHNY,2025-12-17,47.0
KXHIGHNY,2025-12-18,50.0
KXHIGHNY,2025-12-19,58.0
KXHIGHNY,2025-12-20,38.0
KXHIGHNY,2025-12-21,46.0
KXHIGHNY,2025-12-22,39.0
KXHIGHNY,2025-12-23,40.0
KXHIGHNY,2025-12-24,46.0
KXHIGHNY,2025-12-25,49.0
KXHIGHNY,2025-12-26,29.0
KXHIGHNY,2025-12-27,31.0
KXHIGHNY,2025-12-28,39.0
KXHIGHNY,2025-12-29,49.0
KXHIGHNY,2025-12-30,33.0
KXHIGHNY,2025-12-31,33.0
KXHIGHNY,2026-01-01,36.0
KXHIGHNY,2026-01-02,30.0
KXHIGHNY,2026-01-03,30.0
KXHIGHNY,2026-01-04,35.0
KXHIGHNY,2026-01-05,39.0
KXHIGHNY,2026-01-06,42.0
KXHIGHNY,2026-01-07,49.0
KXHIGHNY,2026-01-08,50.0
KXHIGHNY,2026-01-09,54.0
KXHIGHNY,2026-01-10,52.0
KXHIGHNY,2026-01-11,47.0
KXHIGHNY,2026-01-12,41.0
KXHIGHNY,2026-01-13,48.0
KXHIGHNY,2026-01-14,52.0
KXHIGHNY,2026-01-15,47.0
KXHIGHNY,2026-01-16,34.0
KXHIGHNY,2026-01-17,39.0
KXHIGHNY,2026-01-18,36.0
KXHIGHNY,2026-01-19,32.0
KXHIGHNY,2026-01-20,26.0
KXHIGHNY,2026-01-21,40.0
KXHIGHNY,2026-01-22,47.0
KXHIGHNY,2026-01-23,38.0
KXHIGHNY,2026-01-24,17.0
KXHIGHNY,2026-01-25,22.0
KXHIGHNY,2026-01-26,27.0
KXHIGHNY,2026-01-27,22.0
KXHIGHNY,2026-01-28,23.0
KXHIGHNY,2026-01-29,23.0
KXHIGHNY,2026-01-30,18.0
KXHIGHNY,2026-01-31,24.0
KXHIGHNY,2026-02-01,24.0
KXHIGHNY,2026-02-02,35.0
KXHIGHNY,2026-02-03,33.0
KXHIGHNY,2026-02-04,33.0
KXHIGHNY,2026-02-05,32.0
KXHIGHNY,2026-02-06,33.0
KXHIGHNY,2026-02-07,27.0
KXHIGHNY,2026-02-08,18.0
KXHIGHNY,2026-02-09,31.0
KXHIGHNY,2026-02-10,37.0
KXHIGHNY,2026-02-11,41.0
KXHIGHNY,2026-02-12,36.0
KXHIGHNY,2026-02-13,38.0
KXHIGHNY,2026-02-14,46.0
KXHIGHNY,2026-02-15,40.0
KXHIGHNY,2026-02-16,39.0
KXHIGHNY,2026-02-17,47.0
KXHIGHNY,2026-02-18,41.0
KXHIGHNY,2026-02-19,42.0
KXHIGHNY,2026-02-20,37.0
KXHIGHNY,2026-02-21,46.0
KXHIGHNY,2026-02-22,39.0
KXHIGHNY,2026-02-23,35.0
KXHIGHNY,2026-02-24,31.0
KXHIGHNY,2026-02-25,44.0
KXHIGHNY,2026-02-26,49.0
KXHIGHNY,2026-02-27,44.0
KXHIGHNY,2026-02-28,54.0
KXHIGHNY,2026-03-01,43.0
KXHIGHNY,2026-03-02,33.0
KXHIGHNY,2026-03-03,36.0
KXHIGHNY,2026-03-04,49.0
KXHIGHNY,2026-03-05,46.0
KXHIGHNY,2026-03-06,41.0
KXHIGHNY,2026-03-07,52.0
KXHIGHNY,2026-03-08,69.0
KXHIGHNY,2026-03-09,73.0
KXHIGHNY,2026-03-10,80.0
KXHIGHNY,2026-03-11,72.0
KXHIGHNY,2026-03-12,63.0
KXHIGHNY,2026-03-13,42.0
KXHIGHNY,2026-03-14,51.0
KXHIGHNY,2026-03-15,48.0
KXHIGHNY,2026-03-16,57.0
KXHIGHNY,2026-03-17,48.0
KXHIGHNY,2026-03-18,37.0
KXHIGHNY,2026-03-19,44.0
KXHIGHNY,2026-03-20,57.0
KXHIGHNY,2026-03-21,59.0
KXHIGHNY,2026-03-22,63.0
KXHIGHNY,2026-03-23,50.0
KXHIGHNY,2026-03-24,48.0
KXHIGHNY,2026-03-25,54.0
KXHIGHNY,2026-03-26,76.0
KXHIGHNY,2026-03-27,65.0
KXHIGHNY,2026-03-28,44.0
KXHIGHNY,2026-03-29,54.0
KXHIGHNY,2026-03-30,73.0
KXHIGHNY,2026-03-31,81.0
KXHIGHNY,2026-04-01,80.0
KXHIGHNY,2026-04-02,51.0
KXHIGHNY,2026-04-03,66.0
KXHIGHNY,2026-04-04,73.0
KXHIGHNY,2026-04-05,57.0
KXHIGHNY,2026-04-06,56.0
KXHIGHNY,2026-04-07,56.0
KXHIGHNY,2026-04-08,51.0
KXHIGHNY,2026-04-09,51.0
KXHIGHNY,2026-04-10,63.0
KXHIGHNY,2026-04-11,63.0
KXHIGHNY,2026-04-12,55.0
KXHIGHNY,2026-04-13,79.0
KXHIGHNY,2026-04-14,87.0
KXHIGHNY,2026-04-15,90.0
KXHIGHNY,2026-04-16,89.0
